{
  "backprop" : true,
  "backpropType" : "Standard",
  "cacheMode" : "NONE",
  "defaultConfiguration" : {
    "cacheMode" : "NONE",
    "epochCount" : 0,
    "iterationCount" : 0,
    "l1ByParam" : { },
    "l2ByParam" : { },
    "layer" : null,
    "maxNumLineSearchIterations" : 5,
    "miniBatch" : true,
    "minimize" : true,
    "optimizationAlgo" : "STOCHASTIC_GRADIENT_DESCENT",
    "pretrain" : false,
    "seed" : 987654321,
    "stepFunction" : null,
    "variables" : [ "Hidden1_W", "Hidden1_b", "Hidden2_W", "Hidden2_b", "Policy_W", "Policy_b", "Value_W", "Value_b" ]
  },
  "epochCount" : 0,
  "inferenceWorkspaceMode" : "ENABLED",
  "iterationCount" : 42456,
  "networkInputs" : [ "input" ],
  "networkOutputs" : [ "Policy", "Value" ],
  "pretrain" : false,
  "tbpttBackLength" : 20,
  "tbpttFwdLength" : 20,
  "topologicalOrder" : [ 0, 1, 2, 3, 4 ],
  "topologicalOrderStr" : [ "input", "Hidden1", "Hidden2", "Policy", "Value" ],
  "trainingWorkspaceMode" : "ENABLED",
  "vertexInputs" : {
    "Hidden1" : [ "input" ],
    "Hidden2" : [ "Hidden1" ],
    "Policy" : [ "Hidden2" ],
    "Value" : [ "Hidden2" ]
  },
  "vertices" : {
    "Hidden1" : {
      "@class" : "org.deeplearning4j.nn.conf.graph.LayerVertex",
      "layerConf" : {
        "cacheMode" : "NONE",
        "epochCount" : 0,
        "iterationCount" : 0,
        "l1ByParam" : {
          "b" : 0.0,
          "W" : 0.0
        },
        "l2ByParam" : {
          "b" : 0.0,
          "W" : 0.0
        },
        "layer" : {
          "@class" : "org.deeplearning4j.nn.conf.layers.DenseLayer",
          "activationFn" : {
            "@class" : "org.nd4j.linalg.activations.impl.ActivationReLU"
          },
          "biasInit" : 0.0,
          "biasUpdater" : null,
          "constraints" : null,
          "dist" : null,
          "gradientNormalization" : "None",
          "gradientNormalizationThreshold" : 1.0,
          "hasBias" : true,
          "idropout" : null,
          "iupdater" : {
            "@class" : "org.nd4j.linalg.learning.config.RmsProp",
            "epsilon" : 1.0E-8,
            "learningRate" : 0.005,
            "rmsDecay" : 0.99
          },
          "l1" : 0.0,
          "l1Bias" : 0.0,
          "l2" : 0.0,
          "l2Bias" : 0.0,
          "layerName" : "Hidden1",
          "nin" : 36,
          "nout" : 16,
          "weightInit" : "XAVIER",
          "weightNoise" : null
        },
        "maxNumLineSearchIterations" : 5,
        "miniBatch" : true,
        "minimize" : true,
        "optimizationAlgo" : "STOCHASTIC_GRADIENT_DESCENT",
        "pretrain" : false,
        "seed" : 987654321,
        "stepFunction" : null,
        "variables" : [ "W", "b" ]
      },
      "outputVertex" : false,
      "preProcessor" : null
    },
    "Hidden2" : {
      "@class" : "org.deeplearning4j.nn.conf.graph.LayerVertex",
      "layerConf" : {
        "cacheMode" : "NONE",
        "epochCount" : 0,
        "iterationCount" : 0,
        "l1ByParam" : {
          "b" : 0.0,
          "W" : 0.0
        },
        "l2ByParam" : {
          "b" : 0.0,
          "W" : 0.0
        },
        "layer" : {
          "@class" : "org.deeplearning4j.nn.conf.layers.DenseLayer",
          "activationFn" : {
            "@class" : "org.nd4j.linalg.activations.impl.ActivationReLU"
          },
          "biasInit" : 0.0,
          "biasUpdater" : null,
          "constraints" : null,
          "dist" : null,
          "gradientNormalization" : "None",
          "gradientNormalizationThreshold" : 1.0,
          "hasBias" : true,
          "idropout" : null,
          "iupdater" : {
            "@class" : "org.nd4j.linalg.learning.config.RmsProp",
            "epsilon" : 1.0E-8,
            "learningRate" : 0.005,
            "rmsDecay" : 0.99
          },
          "l1" : 0.0,
          "l1Bias" : 0.0,
          "l2" : 0.0,
          "l2Bias" : 0.0,
          "layerName" : "Hidden2",
          "nin" : 16,
          "nout" : 16,
          "weightInit" : "XAVIER",
          "weightNoise" : null
        },
        "maxNumLineSearchIterations" : 5,
        "miniBatch" : true,
        "minimize" : true,
        "optimizationAlgo" : "STOCHASTIC_GRADIENT_DESCENT",
        "pretrain" : false,
        "seed" : 987654321,
        "stepFunction" : null,
        "variables" : [ "W", "b" ]
      },
      "outputVertex" : false,
      "preProcessor" : null
    },
    "Policy" : {
      "@class" : "org.deeplearning4j.nn.conf.graph.LayerVertex",
      "layerConf" : {
        "cacheMode" : "NONE",
        "epochCount" : 0,
        "iterationCount" : 0,
        "l1ByParam" : {
          "b" : 0.0,
          "W" : 0.0
        },
        "l2ByParam" : {
          "b" : 0.0,
          "W" : 0.0
        },
        "layer" : {
          "@class" : "org.deeplearning4j.nn.conf.layers.OutputLayer",
          "activationFn" : {
            "@class" : "org.nd4j.linalg.activations.impl.ActivationSoftmax"
          },
          "biasInit" : 0.0,
          "biasUpdater" : null,
          "constraints" : null,
          "dist" : null,
          "gradientNormalization" : "None",
          "gradientNormalizationThreshold" : 1.0,
          "hasBias" : true,
          "idropout" : null,
          "iupdater" : {
            "@class" : "org.nd4j.linalg.learning.config.RmsProp",
            "epsilon" : 1.0E-8,
            "learningRate" : 0.005,
            "rmsDecay" : 0.99
          },
          "l1" : 0.0,
          "l1Bias" : 0.0,
          "l2" : 0.0,
          "l2Bias" : 0.0,
          "layerName" : "Policy",
          "lossFn" : {
            "@class" : "org.deeplearning4j.rl4j.network.ac.ActorCriticLoss"
          },
          "nin" : 16,
          "nout" : 3,
          "weightInit" : "XAVIER",
          "weightNoise" : null
        },
        "maxNumLineSearchIterations" : 5,
        "miniBatch" : true,
        "minimize" : true,
        "optimizationAlgo" : "STOCHASTIC_GRADIENT_DESCENT",
        "pretrain" : false,
        "seed" : 987654321,
        "stepFunction" : null,
        "variables" : [ "W", "b" ]
      },
      "outputVertex" : false,
      "preProcessor" : null
    },
    "Value" : {
      "@class" : "org.deeplearning4j.nn.conf.graph.LayerVertex",
      "layerConf" : {
        "cacheMode" : "NONE",
        "epochCount" : 0,
        "iterationCount" : 0,
        "l1ByParam" : {
          "b" : 0.0,
          "W" : 0.0
        },
        "l2ByParam" : {
          "b" : 0.0,
          "W" : 0.0
        },
        "layer" : {
          "@class" : "org.deeplearning4j.nn.conf.layers.OutputLayer",
          "activationFn" : {
            "@class" : "org.nd4j.linalg.activations.impl.ActivationIdentity"
          },
          "biasInit" : 0.0,
          "biasUpdater" : null,
          "constraints" : null,
          "dist" : null,
          "gradientNormalization" : "None",
          "gradientNormalizationThreshold" : 1.0,
          "hasBias" : true,
          "idropout" : null,
          "iupdater" : {
            "@class" : "org.nd4j.linalg.learning.config.RmsProp",
            "epsilon" : 1.0E-8,
            "learningRate" : 0.005,
            "rmsDecay" : 0.99
          },
          "l1" : 0.0,
          "l1Bias" : 0.0,
          "l2" : 0.0,
          "l2Bias" : 0.0,
          "layerName" : "Value",
          "lossFn" : {
            "@class" : "org.nd4j.linalg.lossfunctions.impl.LossMSE",
            "configProperties" : false
          },
          "nin" : 16,
          "nout" : 1,
          "weightInit" : "XAVIER",
          "weightNoise" : null
        },
        "maxNumLineSearchIterations" : 5,
        "miniBatch" : true,
        "minimize" : true,
        "optimizationAlgo" : "STOCHASTIC_GRADIENT_DESCENT",
        "pretrain" : false,
        "seed" : 987654321,
        "stepFunction" : null,
        "variables" : [ "W", "b" ]
      },
      "outputVertex" : false,
      "preProcessor" : null
    }
  }
}